TCPId,WorkId,MatchType
A00725,746,match
A00959,612,match
A00960,607,match
A00962,691,match
A00966,730,match
A00967,570,match
A00968,874,match
A01052,824,match
A01056,697,match
A01057,640,match
A01772,615,match
A01779,663,match
A02127,680,match
A02128,680,match
A02455,813,match
A03201,658,match
A03201,3685,match
A03235,617,match
A03235,618,match
A03235,799,match
A03248,638,match
A03255,930,match
A04600,1723,match
A04632,584,collection
A04632,627,collection
A04632,764,collection
A04632,816,collection
A04632,839,collection
A04632,846,collection
A04632,847,collection
A04632,1005,collection
A04633,626,collection
A04633,848,collection
A04633,849,collection
A04636,627,match
A04636,713,match
A04636,3610,match
A04640,818,match
A04645,584,match
A04647,839,match
A04648,1005,match
A04825,687,match
A05801,1939,match
A06177,800,match
A06207,715,match
A06289,712,match
A06343,602,match
A06389,606,match
A07009,664,match
A07065,1732,match
A07234,1653,match
A07234,1735,match
A07237,892,match
A07240,3011,match
A07241,653,match
A07245,3659,match
A07246,432,match
A07247,904,match
A07248,894,match
A07249,616,match
A07251,900,match
A07326,1716,match
A07367,812,match
A07504,1731,match
A07555,3566,match
A07970,1725,match
A08065,1706,match
A11152,985,match
A11152,1039,match
A11155,619,match
A11264,537,match
A11910,2243,match
A11913,1084,match
A11954,597,collection
A11954,601,collection
A11954,641,collection
A11954,655,collection
A11954,678,collection
A11954,709,collection
A11954,748,collection
A11954,810,collection
A11954,863,collection
A11954,864,collection
A11954,865,collection
A11954,875,collection
A11954,877,collection
A11954,878,collection
A11954,879,collection
A11954,881,collection
A11954,882,collection
A11954,885,collection
A11954,887,collection
A11954,888,collection
A11954,923,collection
A11954,927,collection
A11954,1012,collection
A11954,1236,collection
A11954,1351,collection
A11954,1688,collection
A11954,1695,collection
A11954,1696,collection
A11954,1708,collection
A11954,3726,collection
A11954,3727,collection
A11959,634,match
A11966,810,match
A11974,882,match
A11983,601,match
A11988,601,match
A11989,105,match
A11989,678,match
A12016,1695,match
A12017,1082,match
A12017,1708,match
A12024,569,match
A12128,3055,match
A12128,3664,match
A12129,732,match
A12130,740,match
A12137,840,match
A12138,743,match
A12140,796,match
A12143,603,match
A12148,609,match
A12152,781,match
A12154,600,match
A12154,714,match
A12155,613,match
A12157,745,match
A12158,683,match
A13125,556,match
A13358,1695,match
A13611,2359,match
A13613,2359,match
A13802,786,match
A13802,1722,match
A13802,3621,match
A14872,815,match
A14875,643,match
A14875,922,match
A14875,929,match
A15676,63,match
A16923,635,match
A16924,659,match
A17968,899,match
A18083,883,match
A18407,1714,match
A18421,650,match
A18426,905,match
A19346,1690,match
A19883,947,match
A21136,632,match
A25278,1237,match
A25891,961,match
A27177,154,collection
A27177,556,collection
A27177,567,collection
A27177,568,collection
A27177,573,collection
A27177,576,collection
A27177,610,collection
A27177,733,collection
A27177,749,collection
A27177,790,collection
A27177,814,collection
A27177,817,collection
A27177,820,collection
A27177,825,collection
A27177,837,collection
A27177,853,collection
A27177,855,collection
A27177,856,collection
A27177,858,collection
A27177,859,collection
A27177,860,collection
A27177,861,collection
A27177,862,collection
A27177,866,collection
A27177,867,collection
A27177,868,collection
A27177,869,collection
A27177,870,collection
A27177,871,collection
A27177,872,collection
A27177,873,collection
A27177,1382,collection
A27177,1471,collection
A27177,1694,collection
A27177,1701,collection
A27177,2360,collection
A27177,2438,collection
A27177,2956,collection
A27177,3023,collection
A27178,81,collection
A27178,154,collection
A27178,566,collection
A27178,567,collection
A27178,568,collection
A27178,570,collection
A27178,571,collection
A27178,573,collection
A27178,576,collection
A27178,577,collection
A27178,598,collection
A27178,602,collection
A27178,605,collection
A27178,606,collection
A27178,607,collection
A27178,608,collection
A27178,610,collection
A27178,612,collection
A27178,661,collection
A27178,691,collection
A27178,712,collection
A27178,715,collection
A27178,730,collection
A27178,749,collection
A27178,782,collection
A27178,817,collection
A27178,820,collection
A27178,825,collection
A27178,837,collection
A27178,853,collection
A27178,855,collection
A27178,856,collection
A27178,858,collection
A27178,859,collection
A27178,861,collection
A27178,862,collection
A27178,866,collection
A27178,867,collection
A27178,868,collection
A27178,869,collection
A27178,870,collection
A27178,871,collection
A27178,872,collection
A27178,873,collection
A27178,874,collection
A27178,938,collection
A27178,994,collection
A27178,1196,collection
A27178,1421,collection
A27178,1471,collection
A27178,1701,collection
A27178,2360,collection
A27178,2438,collection
A27178,2953,collection
A27178,3023,collection
A27179,154,match
A27180,853,match
A27196,1307,match
A27197,1232,match
A27203,577,match
A27247,1079,match
A27277,1021,match
A27279,916,match
A27280,1152,match
A27287,956,match
A27288,1197,match
A27291,1138,match
A27293,1089,match
A27294,909,match
A27303,1192,match
A27320,1140,match
A27322,1046,match
A27322,1105,match
A27324,1066,match
A27328,1030,match
A27331,1225,match
A27332,1097,match
A27334,1313,match
A27373,1001,match
A27551,1111,match
A28808,832,match
A28902,1252,match
A29152,1259,match
A29177,1234,match
A29360,744,match
A29556,742,match
A29636,1042,match
A29637,631,match
A29637,3611,match
A29785,1327,match
A29987,934,match
A30312,1408,match
A30788,1243,match
A30789,1087,match
A30830,1213,match
A30838,1309,match
A30839,1086,match
A30840,1280,match
A30841,1165,match
A30845,1054,match
A30847,1128,match
A30851,1151,match
A31469,1417,match
A31614,1053,match
A31672,926,match
A33143,1311,match
A33146,1386,match
A33540,1306,match
A33541,1373,match
A33613,1171,match
A34249,903,match
A34299,3004,match
A34302,1295,match
A34306,1340,match
A34315,1274,match
A34327,1409,match
A34338,1210,match
A34368,1055,match
A34394,1214,match
A34410,1057,match
A34526,595,match
A34564,920,match
A34577,695,match
A34578,1697,match
A34579,1697,match
A34580,1687,match
A34580,1784,match
A34588,981,match
A34590,804,match
A34817,649,match
A34823,798,match
A34847,1999,collection
A34947,1415,match
A34999,590,match
A35268,1088,match
A35268,1113,match
A35270,1369,match
A35271,996,match
A35272,1158,match
A35275,1015,match
A35279,1206,match
A35280,1041,match
A35284,944,match
A35287,921,match
A35289,1131,match
A35296,1264,match
A35297,1179,match
A35299,1107,match
A35321,753,match
A35337,841,match
A35654,836,collection
A35657,836,match
A35658,625,match
A35670,1399,match
A35675,1345,match
A35680,1383,match
A36011,1308,match
A36012,1370,match
A36266,1326,match
A36458,768,match
A36513,1346,match
A36588,1180,match
A36592,1064,match
A36594,960,match
A36595,1240,match
A36600,952,match
A36602,1013,match
A36609,1262,match
A36610,912,match
A36616,1157,match
A36622,794,match
A36631,734,match
A36641,1284,match
A36644,970,match
A36645,943,match
A36653,975,match
A36657,1084,match
A36681,752,match
A36685,761,match
A36692,1118,match
A36695,964,match
A36704,1090,match
A36708,831,match
A36713,688,match
A36717,1312,match
A36755,974,match
A36756,1008,match
A36757,962,match
A36759,992,match
A36762,1006,match
A36959,1376,match
A36965,1414,match
A36966,1182,match
A36973,1390,match
A36975,1051,match
A36978,1034,match
A36983,1147,match
A36984,1344,match
A36986,1248,match
A36989,1033,match
A36994,1267,match
A37000,1333,match
A37011,1276,match
A37013,1144,match
A37017,1031,match
A37023,1076,match
A37025,1071,match
A37026,1099,match
A37158,1651,match
A37165,1112,match
A37187,628,match
A37187,629,match
A37192,575,match
A37210,587,match
A37724,1080,match
A38689,711,match
A38694,1018,match
A38697,784,match
A39384,925,match
A39704,741,match
A39712,589,match
A39719,710,match
A39799,608,match
A39804,610,match
A39805,814,match
A39805,1382,match
A39805,1701,match
A39808,1412,match
A39812,1009,match
A39857,1214,match
A40043,1702,match
A40793,700,match
A40870,1002,match
A40875,1185,match
A40958,1398,match
A40960,1385,match
A40976,2587,match
A41205,1173,match
A41700,1302,match
A42281,788,match
A42748,1371,match
A42750,1330,match
A43160,670,match
A43305,1027,match
A43306,1705,match
A43729,1253,match
A43744,1275,match
A44429,1314,match
A44624,1070,match
A44628,918,match
A44629,707,match
A44630,911,match
A44632,774,match
A44633,692,match
A44646,660,collection
A44646,684,collection
A44646,708,collection
A44646,785,collection
A45649,1316,match
A45650,1387,match
A45651,1247,match
A45772,696,match
A46228,849,match
A46230,604,match
A46260,769,match
A46278,1167,match
A46333,843,match
A46869,1191,match
A47372,611,collection
A47372,647,collection
A47372,668,collection
A47372,669,collection
A47372,671,collection
A47372,674,collection
A47372,687,collection
A47372,728,collection
A47379,656,collection
A47379,716,collection
A47379,725,collection
A47382,805,match
A47387,716,match
A47392,656,collection
A47392,698,collection
A47392,716,collection
A47779,1162,match
A48031,833,match
A48039,797,match
A48052,756,match
A48059,1170,match
A49328,558,collection
A49572,1366,match
A49573,1310,match
A49594,1050,match
A49875,1075,match
A49877,1068,match
A49922,1091,match
A49924,1168,match
A49925,1016,match
A49928,1119,match
A49929,1224,match
A49929,1353,match
A49930,1067,match
A49933,1114,match
A49935,1045,match
A49940,1000,match
A49947,1116,match
A49952,979,match
A50093,898,collection
A50093,3707,collection
A50520,845,match
A50686,3078,match
A50789,563,match
A50792,1025,match
A50793,593,match
A50795,1707,match
A50796,789,match
A50799,901,collection
A51031,1142,match
A51115,945,match
A51118,842,match
A51422,1104,match
A51496,1372,match
A51498,1363,match
A51501,1322,match
A51504,1347,match
A51516,1250,match
A51517,1204,match
A51518,1184,match
A51520,1228,match
A51771,1315,match
A51805,1406,match
A52477,1317,match
A52858,1133,match
A53070,645,match
A53311,1407,match
A53458,826,match
A53459,1279,match
A53462,721,match
A53468,834,match
A53477,735,match
A53480,778,collection
A53480,816,collection
A53507,1010,match
A53510,1161,match
A53511,1020,match
A53517,1100,match
A53521,1106,match
A53530,1110,match
A53534,1177,match
A53535,1146,match
A54093,1388,match
A54404,977,match
A54800,1375,match
A54921,1007,match
A54955,1410,match
A54956,1365,match
A54957,1392,match
A54958,1321,match
A54959,1349,match
A54960,1325,match
A55475,931,match
A55482,1059,match
A55492,1052,match
A55493,679,match
A55496,677,match
A55539,1245,match
A55540,1323,match
A55542,1358,match
A55543,1329,match
A55546,1229,match
A55548,1277,match
A56304,1356,match
A56731,946,match
A56734,953,match
A57093,1400,match
A57098,919,match
A57223,1130,match
A57763,636,match
A57782,1174,match
A57784,1269,match
A57786,1221,match
A57800,1222,match
A57849,1063,match
A57850,1689,match
A57988,2342,match
A57988,3576,match
A58017,1056,match
A58051,1281,match
A58109,1293,match
A58110,958,match
A58111,1160,match
A58113,1362,match
A58114,1060,match
A58115,1139,match
A58120,1048,match
A58121,1022,match
A58141,1023,match
A58142,1069,match
A58478,908,match
A58829,1324,match
A59051,1043,match
A59053,1200,match
A59056,793,match
A59185,965,match
A59189,1083,match
A59288,1129,match
A59288,1286,match
A59295,914,match
A59295,983,match
A59304,1003,match
A59309,1263,match
A59311,1115,match
A59312,1109,match
A59315,1150,match
A59320,1017,match
A59324,991,match
A59327,1268,match
A59332,1036,match
A59356,1348,match
A59357,572,match
A59410,1231,match
A59411,1211,match
A59419,955,match
A59422,1065,match
A59427,913,match
A59429,1135,match
A59432,1004,match
A59437,935,match
A59443,997,match
A59445,823,match
A59450,1246,match
A59452,2516,match
A59452,3590,match
A59456,792,match
A59460,1073,match
A59463,1019,match
A59466,1098,match
A59493,2575,match
A59496,1120,match
A59497,887,match
A59501,1404,match
A59503,731,match
A59508,1405,match
A59520,779,match
A59525,1082,match
A59525,1708,match
A59527,802,match
A59615,1299,match
A59968,940,match
A59974,559,match
A59976,740,match
A59979,835,match
A59981,743,match
A59985,760,match
A59986,591,match
A59992,665,collection
A59992,666,collection
A59992,722,collection
A59992,807,collection
A59992,890,collection
A59992,891,collection
A60677,1238,match
A60959,100,match
A60959,1285,match
A60960,1411,match
A60961,1145,match
A60964,1273,match
A60965,1305,match
A60965,3376,match
A60971,1257,match
A60974,2469,match
A61309,689,match
A61310,701,match
A61311,767,match
A61942,630,match
A61943,556,collection
A61943,630,collection
A62083,776,match
A62223,1125,match
A62347,1154,match
A62422,766,match
A62423,806,match
A62828,1350,match
A62851,1077,match
A62863,1181,match
A62946,1141,match
A62964,1198,match
A62967,1102,match
A63158,1120,match
A63229,729,match
A63279,583,match
A63831,924,match
A63833,928,match
A63834,686,match
A64714,699,match
A64724,1359,match
A65052,1334,match
A65052,1341,match
A65052,2791,match
A65060,1343,match
A65075,1332,match
A65360,1703,match
A65693,1108,match
A65997,1208,match
A66563,355,match
A66563,844,match
A66564,1233,match
A66565,690,match
A66885,999,match
A67171,1278,match
A67192,995,match
A67192,3597,match
A67192,3600,match
A67199,937,match
A67201,917,match
A67202,1037,match
A67305,1374,match
A67336,1218,match
A67349,1218,match
A67583,388,match
A68726,877,match
A68727,878,match
A69867,1240,match
A69867,2434,match
A69868,1227,match
A69868,1352,match
A69869,1251,match
A69900,644,match
A70547,1044,match
A70576,1096,match
A70717,993,match
A70810,1377,match
A70911,990,match
A70960,1331,match
A72473,626,collection
A72473,848,collection
A72473,849,collection
A74717,558,match
A75944,1212,match
A77565,902,collection
A80983,959,match
A84701,565,collection
A86610,561,collection
A92908,574,match
A93166,665,match
A93167,666,match
A93170,890,match
A93178,807,match
A94684,557,match
A96148,588,match
B11385,598,match
B11385,938,match
B11966,895,match
B11966,896,match
B11966,948,match
B14291,847,match
B14292,764,match
B17587,566,match
B17625,1105,match
B17625,1121,match
B20356,1336,match
B21042,791,match
B21385,1072,match
B21422,957,match
B21478,1136,match
B22957,1337,match
B24298,1296,match
B27677,1074,match
B29542,1300,match
B29649,1241,match
B30024,1169,match
K000039.000,1487,match
K000180.000,1494,match
K000691.000,2004,match
K001312.000,2891,match
K001985.000,1295,match
K002004.000,482,match
K002004.000,2528,match
K002009.000,2506,match
K002867.000,3380,match
K002991.000,74,match
K003059.000,2549,match
K004179.000,3002,match
K005732.000,68,match
K006726.000,2998,match
K007102.000,2574,collection
K007102.000,2657,collection
K007216.000,3129,match
K007219.000,3267,match
K007960.000,3269,match
K008041.000,2492,match
K008736.000,2751,match
K009642.000,1520,match
K009952.000,2446,match
K010938.000,2635,match
K011382.000,2513,match
K011869.000,3047,match
K012406.000,2886,match
K013141.000,3294,match
K013794.000,3073,match
K013872.000,2538,match
K014189.000,1523,match
K014256.000,3407,match
K014420.000,3345,match
K015523.000,3377,match
K015532.000,1588,match
K015852.000,1563,match
K016151.000,1767,match
K016442.000,298,match
K017108.000,266,match
K017256.000,2761,match
K018401.000,2574,match
K019154.000,2698,match
K019867.000,3260,match
K020289.000,2555,match
K020289.000,3633,match
K020290.000,2824,match
K020293.000,2907,match
K020295.000,2472,match
K020296.000,2656,match
K020297.000,2533,match
K020298.000,32,match
K020308.000,2426,match
K020310.000,327,match
K020441.000,2584,match
K020463.000,2561,match
K020900.000,2829,match
K020901.000,2531,match
K020903.000,2653,match
K020909.000,2544,match
K020910.000,2401,match
K020978.000,2088,match
K020979.000,2056,match
K020981.000,2940,match
K021253.000,2618,match
K021260.000,475,match
K021263.000,2585,match
K021266.000,2828,match
K021267.000,2919,match
K021268.000,2835,match
K021270.000,2832,match
K021271.000,2834,match
K021509.000,3336,match
K021512.000,2685,match
K021515.000,2603,match
K021519.000,2845,match
K022555.000,3364,match
K024153.000,3102,match
K024330.000,3013,match
K024381.000,3316,match
K025325.000,288,match
K025327.000,2586,match
K026709.000,2756,match
K027367.000,1340,match
K029293.000,3525,match
K029296.000,3324,match
K029305.000,496,match
K029722.000,2786,match
K029768.000,3490,match
K029769.000,3049,match
K030147.000,3381,match
K030158.000,3220,match
K030162.000,3419,match
K030365.000,553,match
K030407.000,2759,match
K030424.000,30,match
K030458.000,3393,match
K030481.000,2651,match
K030547.000,2760,match
K030979.000,3038,match
K031010.000,481,match
K031107.000,524,match
K031299.000,2388,match
K031892.000,1616,match
K032302.000,1533,match
K032305.000,1527,match
K032308.000,1803,match
K032311.000,2912,match
K032314.000,1499,match
K032319.000,1564,match
K032321.000,1442,match
K032321.000,2905,match
K032321.000,3648,match
K032322.000,1835,match
K032330.000,1417,match
K032335.000,1555,match
K032341.000,271,match
K033177.000,3029,match
K033182.000,3409,match
K033495.000,2423,match
K033714.000,3082,match
K033787.000,2614,match
K033853.000,2694,match
K034200.000,2852,match
K034336.000,3039,match
K034431.000,31,match
K034449.000,184,match
K034471.000,2695,match
K035015.000,2394,match
K035508.000,2924,match
K035508.000,3507,match
K035521.000,2487,match
K035642.000,103,match
K035681.000,3097,match
K035828.000,2808,match
K035828.000,3642,match
K035829.000,2787,match
K035830.000,2783,match
K035831.000,2782,match
K035832.000,2813,match
K035834.000,3410,match
K035835.000,2652,match
K036206.000,2377,match
K036466.000,1578,match
K036466.000,1974,match
K036550.000,2897,match
K036554.000,265,match
K036679.000,2644,match
K036683.000,1599,match
K036704.000,3415,match
K036735.000,2554,match
K036735.000,3230,match
K036735.000,3686,match
K036746.000,2582,match
K036934.000,1943,match
K036942.000,337,match
K037020.000,2666,match
K037046.000,2893,match
K037046.000,3698,match
K037129.000,2921,match
K037200.000,3447,match
K037211.000,2545,match
K037293.000,1368,match
K037293.000,2587,match
K037297.000,2812,match
K037302.000,3107,match
K037372.000,3074,match
K037447.000,2650,match
K037647.000,3091,match
K037656.000,162,match
K037656.000,3068,match
K037672.000,329,match
K037679.000,3045,match
K037725.000,3456,match
K037803.000,1820,match
K038022.000,2725,match
K038204.000,3034,match
K038439.000,2640,match
K038447.000,3384,match
K038489.000,2788,match
K038498.000,2121,match
K038561.000,2798,match
K038609.000,2261,match
K039235.000,3108,match
K039296.000,1605,match
K039324.000,2277,match
K039360.000,291,match
K039366.000,153,match
K039366.000,2686,match
K039408.000,2882,match
K039425.000,1521,match
K039442.000,2245,match
K039474.000,2691,match
K039488.000,523,match
K039927.000,106,match
K039979.000,2671,match
K040557.000,1466,match
K040638.000,67,match
K040638.000,294,match
K040676.000,2800,match
K040756.000,2865,match
K041482.000,3231,collection
K041852.000,2518,match
K042020.000,2588,match
K042231.000,108,match
K042270.000,2557,match
K042710.000,3293,match
K043015.000,2690,match
K043021.000,2369,match
K043092.000,293,match
K043154.000,3018,match
K043155.000,2857,match
K043166.000,2732,match
K043175.000,2464,match
K043181.000,3301,match
K043186.000,3327,match
K043195.000,3522,match
K043199.000,3454,match
K043204.000,3299,match
K043689.000,3489,match
K043952.000,2367,match
K044143.000,2711,match
K044267.000,294,match
K044268.000,3069,match
K044271.000,2500,match
K044278.000,2669,match
K044434.000,3079,match
K044879.000,13,match
K045058.000,2007,match
K045211.000,2699,match
K045300.000,3040,match
K045351.000,3076,match
K045363.000,295,match
K046052.000,2317,match
K046085.000,98,match
K046340.000,2630,match
K046628.000,1957,match
K046841.000,3330,match
K046880.000,1572,match
K047269.000,3203,match
K047355.000,2649,match
K047375.000,3550,match
K047382.000,2519,match
K047394.000,2906,match
K047433.000,2571,match
K047435.000,3061,match
K047491.000,2578,match
K047546.000,2604,match
K047676.000,2576,match
K047686.000,2583,match
K048123.000,2700,match
K048128.000,2960,match
K048130.000,3279,match
K048133.000,3386,match
K048137.000,2884,match
K048139.000,3209,match
K048216.000,3227,match
K048220.000,3141,match
K048221.000,2777,match
K048222.000,2961,match
K048229.000,2681,match
K048291.000,3204,match
K048292.000,2781,match
K048293.000,2692,match
K048296.000,3341,match
K048297.000,3118,match
K048303.000,2522,match
K048829.000,2784,match
K048831.000,2817,match
K049013.000,3530,match
K049027.000,307,match
K049452.000,3188,match
K049483.000,1488,match
K049485.000,1419,match
K049942.000,1437,match
K050119.000,3379,match
K050122.000,3366,match
K050218.000,3206,match
K050370.000,3176,match
K050373.000,2971,match
K050375.000,3115,match
K050786.000,1792,match
K051001.000,356,match
K051003.000,301,match
K051011.000,472,match
K051111.000,2898,match
K051765.000,2324,match
K051776.000,2748,match
K051781.000,528,match
K052119.000,2821,match
K052119.000,3649,match
K053723.000,3066,match
K055107.000,2594,match
K055580.000,2595,match
K056299.000,403,match
K056360.000,2553,match
K056709.000,2374,match
K056731.000,3127,match
K056734.000,2970,match
K057422.000,363,match
K057422.000,3020,match
K057720.000,2949,match
K057721.000,2974,match
K057725.000,2954,match
K057726.000,2982,match
K058226.000,157,match
K058227.000,2661,match
K058248.000,2599,match
K058249.000,192,match
K058981.000,2750,match
K058986.000,2471,match
K059195.000,2662,match
K060679.000,2556,match
K060857.000,2096,match
K061103.000,3262,match
K061112.000,3284,match
K061113.000,3347,match
K061116.000,1997,match
K061403.000,3291,match
K063039.000,2356,match
K063043.000,2658,match
K064720.000,2454,match
K064728.000,2421,match
K068278.000,69,match
K068460.000,191,match
K068719.000,2780,match
K068720.000,71,match
K069107.000,2709,match
K072976.000,2132,match
K072976.000,2380,match
K077957.000,803,match
K080528.000,2351,match
K080847.000,3452,match
K080858.000,2474,match
K081022.000,87,match
K081319.000,2997,match
K085913.000,2724,match
K085919.000,2660,match
K086231.000,2447,match
K086593.000,3117,match
K086734.000,290,match
K087716.000,3290,match
K089925.000,2733,match
K091416.000,3233,match
K091879.000,2943,match
K092930.000,155,match
K094698.000,2991,match
K094982.000,3656,match
K095003.000,2849,match
K095991.000,2469,match
K096840.000,316,match
K100292.000,2276,match
K100402.000,1818,match
K100402.000,2731,match
K100402.000,3630,match
K100537.000,3056,match
K100539.000,2619,match
K100796.000,127,match
K101007.000,2851,match
K101052.000,3449,match
K101059.000,3352,match
K101642.000,3496,match
K102279.000,2719,match
K102914.000,2451,match
K102974.000,2871,match
K104108.000,3534,match
K105471.000,3126,match
K105792.000,3202,match
K105913.000,2992,match
K106115.000,3506,match
K108982.000,2525,match
K109300.000,1457,match
K113633.002,2574,collection
K113633.002,2653,collection
K114161.000,3246,match
K116972.000,3317,match
K117088.000,2818,match
K118235.000,3000,match
K118311.000,2754,match
K120041.000,96,match
K120974.000,1611,match
K121177.000,1282,match
K122295.000,2631,match
K123155.000,3287,match
K123849.000,2664,match
K125710.000,2743,match
K131816.000,2519,match
K132743.000,1990,match
