TCPId,Phase,File,Title,AltTitle,Author,CleanDate,RawDate,Publisher,PublicationStatement,PublicationPlace,XMLNotes,ESTC,STC,Wing,EEBOMarc,GaleDocNo,DocNo,ShortTitle,ShortTitleClean
A04632,EEBO-TCP Phase 1,A04632.P4.xml,The workes of Beniamin Ionson,Works. Vol. 1.,"Jonson, Ben, 1573?-1637.; Hole, William, d. 1624, engraver.",1616,An⁰ D. 1616.,"Printed by W: Stansby, and are to be sould by Rich: Meighen,","London :Printed by W: Stansby, and are to be sould by Rich: Meighen,An⁰ D. 1616.",London :,"Mostly in verse.; The title page is engraved and signed ""Guliel[mus] Hole fecit"". The second state of the imprint (see The Library, ser. 6, 8:152-6).; The first leaf is blank.; The subsidiary plays each have separate dated title pages. Of these, ""Every man out of his humour"", ""Cynthia's revels"", and ""Poetaster"" have title pages in varying states; see Greg for details. Pagination and register are continuous.; A number of sheets exist in two different settings, and certain of these appear to be reprints done much later; see Greg and ""Studies in Bibliography"" 40:106-20.; A second volume was published without general title page in 1631.; Reproduction of the original in the British Library.",S112455,14752,"",99847709,"","",The workes of Beniamin Ionson.,The workes of Beniamin Ionson
A04633,EEBO-TCP Phase 1,A04633.P4.xml,"Bartholmew fayre : a comedie, acted in the yeare, 1614 by the Lady Elizabeths seruants, and then dedicated to King Iames, of most blessed memorie ; The diuell is an asse : a comedie acted in the yeare, 1616, by His Maiesties seruants ; The staple of newes : a comedie acted in the yeare, 1625, by His Maiesties seruants by the author, Beniamin Iohnson.",Plays. Selections,"Jonson, Ben, 1573?-1637.",1631,1631.,"Printed by I.B. for Robert Allot, and are to be sold at the signe of the Beare, in Pauls Church-yard,","London :Printed by I.B. for Robert Allot, and are to be sold at the signe of the Beare, in Pauls Church-yard,1631.",London :,"Each play has special t.p. with same imprint.; Author's name taken from first t.p.; Second volume of ""The workes of Benjamin Jonson.""--Cf. STC (2nd ed.).; Signatures: A⁶ (first leaf blank) B-Y⁴ 2A-2C⁴, ²D-H⁴ I⁶.; Includes marginal notes.; Reproduction of original in the Harvard University Library.",S4350,14753.5,"",24183010,"","",Bartholmevv fayre:,Bartholmevv fayre
A11954,EEBO-TCP Phase 1,A11954.P4.xml,"Mr. VVilliam Shakespeares comedies, histories, & tragedies Published according to the true originall copies.",Plays,"Shakespeare, William, 1564-1616.; Heminge, John, ca. 1556-1630.; Condell, Henry, d. 1627.",1623,1623.,"Printed by Isaac Iaggard, and Ed. Blount [at the charges of W. Iaggard, Ed. Blount, I. Smithweeke, and W. Aspley],","London :Printed by Isaac Iaggard, and Ed. Blount [at the charges of W. Iaggard, Ed. Blount, I. Smithweeke, and W. Aspley],1623.",London :,"Editors' dedication signed: Iohn Heminge. Henry Condell.; Mostly in verse.; With an engraved title-page portrait of the author signed: ""Martin· Droeshout: sculpsit· London."" There is a shadow on the collar. An early state has no shadow.; Colophon reads: Printed at the charges of W. Iaggard, Ed. Blount, I. Smithweeke, and W. Aspley. 1623.; The title page is an insert.; ""The life and death of King Iohn"" begins new pagination on leaf a1r; ""The tragedy of Coriolanus"" begins new pagination on leaf 2a1r.; P. 399 misnumbered 993.; For details see Hinman, Charleton.  The printing and proof-reading of the First Folio of Shakespeare: Oxford, 1963.; Reproduction of an original in the Folger Shakespeare Library.",S111228,22273,"",99846615,"","","Mr. VVilliam Shakespeares comedies, histories, & tragedies.","Mr. VVilliam Shakespeares comedies, histories, & tragedies"
A27177,EEBO-TCP Phase 2,A27177.P4.xml,Comedies and tragedies written by Francis Beaumont and Iohn Fletcher ...,"","Beaumont, Francis, 1584-1616.; Fletcher, John, 1579-1625.; Shirley, James, 1596-1666.; Lowin, John, 1576-1659.; Taylor, Joseph, 1586?-1653?",1647,1647.,"Printed for Humphrey Robinson ... and for Humphrey Moseley ...,","London :Printed for Humphrey Robinson ... and for Humphrey Moseley ...,1647.",London :,"""Never printed before, and now published by the authours originall copies""; First folio; includes the plays not hitherto printed, except the Wild-goose chase, which was missing, but recovered and printed in 1652. Cf. NUC pre-1956.; ""The Epistle dedicatorie"" is signed by John Lowin, Joseph Taylor, and eight others; ""To the reader"" signed by Ja. Shirley, who is usually regarded as the editor.; Portrait of Fletcher by Marshall.; For complete contents of this edition, see NUC pre-1956 imprints.; Reproduction of original in Harvard University Libraries.; With: Beaumont, F., and Fletcher, J. The wilde goose chase. London : For Humphrey Moseley, 1652.",R22900,"",B1581,12491932,"","",Comedies and tragedies,Comedies and tragedies
A27178,EEBO-TCP Phase 2,A27178.P4.xml,"Fifty comedies and tragedies written by Francis Beaumont and John Fletcher, Gentlemen ; all in one volume, published by the authors original copies, the songs to each play being added.",Plays. Selections,"Beaumont, Francis, 1584-1616.; Fletcher, John, 1579-1625.",1679,1679.,"Printed by J. Macock, for John Martyn, Henry Herringman, Richard Marriot,","London :Printed by J. Macock, for John Martyn, Henry Herringman, Richard Marriot,1679.",London :,"The second folio; contains seventeen plays not in the first folio, 1647.; Reproduction of original in British Library.",R13766,"",B1582,12004342,"","","Fifty comedies and tragedies. Written by Francis Beaumont and John Fletcher, Gentlemen. All in one volume. Published by the authors original copies, the songs to each play being added. ","Fifty comedies and tragedies. Written by Francis Beaumont and John Fletcher, Gentlemen. All in one volume. Published by the authors original copies, the songs to each play being added. "
A34847,EEBO-TCP Phase 1,A34847.P4.xml,"Acteon & Diana with a pastoral storie of the nimph Oenone followed by the several conceited humours of Bumpkin the huntsman, Hobbinal the shepherd, Singing Simpkin, and John Swabber the seaman / by Rob. Cox, acted at the Red Bull with great applause.","","Cox, Robert, d. 1655.",1656,1656.,"Printed for Edward Archer ...,","London :Printed for Edward Archer ...,1656.",London :,Reproduction of original in Huntington Library.,R693,"",C6711,12241232,"","",Acteon & Diana;,Acteon & Diana
A35654,EEBO-TCP Phase 1,A35654.P4.xml,"Poems and translations with the Sophy / written by the Honourable Sir John Denham, Knight of the Bath.","","Denham, John, Sir, 1615-1669.; Denham, John, Sir, 1615-1669. Sophy.; Virgil. Aeneis. Liber 2. English.",1668,1668.,"Printed for H. Herringman ...,","London :Printed for H. Herringman ...,1668.",London :,"""The destruction of Troy : an essay upon the second book of Virgil's Aeneis"" (p. [23]-67) and ""The Sophy"" ([4], 97, [1] p. at end) have special t.p.'s dated 1667.; Reproduction of original in Huntington Library.",R4710,"",D1005,12791467,"","","Poems and translations,",Poems and translations
A44646,EEBO-TCP Phase 1,A44646.P4.xml,Five new plays ... as they were acted by His Majesty's servants at the Theatre-Royal / written by the Honourable Sir Robert Howard.,Plays,"Howard, Robert, Sir, 1626-1698.; Dryden, John, 1631-1700. Of dramatick poesie.",1692,1692.,"Printed for Henry Herringman, and are to be sold by R. Bentley, J. Tonson, F. Saunders, and T. Bennet,","London :Printed for Henry Herringman, and are to be sold by R. Bentley, J. Tonson, F. Saunders, and T. Bennet,1692.",London :,"Each play has special t.p.; The preface contains a discussion of the use of rhyme in dramatic verse, which occasioned Dryden's Essay of dramatick poesie. Howard replied in the preface to The great favourite, or, The Duke of Lerma.; The Indian queen is partly by Dryden.; Reproduction of original in Yale University Library.; (from t.p.) The Surprisal -- The committee -- The Indian-queen -- The Vestal-virgin -- The Duke of Lerma.",R4733,"",H2993,11889899,"","","Five nevv plays,",Five nevv plays
A47372,EEBO-TCP Phase 1,A47372.P4.xml,Comedies and tragedies written by Thomas Killigrew ...,Works. 1664,"Killigrew, Thomas, 1612-1683.",1664,1664.,"Printed for Henry Herringman ...,","London :Printed for Henry Herringman ...,1664.",London :,"Each play has special t.p. and is dated 1663.; Reproduction of original in Huntington Library.; The princess, or, Love at first sight -- The parsons wedding --The pilgrim -- Cicilia and Clorinda, or, Love in arms --Thomaso, or, The wanderer -- Bellamira her dream, or, The love of shadows -- Claricilla -- The prisoners.",R7715,"",K450,12417588,"","","Comedies, and tragedies.","Comedies, and tragedies"
A47379,EEBO-TCP Phase 1,A47379.P4.xml,"Fovr nevv playes viz : The seege of Vrbin, Selindra, Love and frienship, Tragy-comedies, Pandora, a comedy / written by Sr. William Killigrew ...",Plays. Selections,"Killigrew, William, Sir, 1606-1695.; Stapylton, Robert, Sir, d. 1669.; Waller, Edmund, 1606-1687.; Killigrew, William, Sir, 1606-1695. Ormasdes.; Killigrew, William, Sir, 1606-1695. Seege of Vrbin.; Killigrew, William, Sir, 1606-1695. Selindra.; Killigrew, William, Sir, 1606-1695. Pandora.",1666,1666.,"Printed by Hen. Hall ..., for Ric. Davis,","Oxford :Printed by Hen. Hall ..., for Ric. Davis,1666.",Oxford :,"Contains the first edition of The seege of Urbin.; Each play has special t.p.; ""Love and friendship"" published, 1665, with title: Ormasdes.; Reproduction of original in Huntington Library.",R17595,"",K458,13386136,"","","Four nevv playes,",Four nevv playes
A47392,EEBO-TCP Phase 1,A47392.P4.xml,"Three playes written by Sir William Killigrew, vice-chamberlain to Her Majesty the Queen Consort, 1664, viz. [brace] Selindra, Pandora, Ormasdes.","","Killigrew, William, Sir, 1606-1695.",1665,1665.,"Printed by T. Mabb; for John Playfere ...; and Thomas Horsman ...,","London :Printed by T. Mabb; for John Playfere ...; and Thomas Horsman ...,1665.",London :,"Separate t.p. and pagination for each play; Pandora dated 1664.; Between pages 86 and 87 of the second play are bound pages 45 to 48 of a different play.; Includes publisher's list, p. [11]-[12].; Inperfect: print show-through and tightly bound with slight loss of print.; Reproduction of original in the Bodleian Library.",R39061,"",K470,18208195,"","","Three playes written by Sir William Killigrew,",Three playes written by Sir William Killigrew
A49328,EEBO-TCP Phase 1,A49328.P4.xml,"Three new playes, Viz. The noble ingratitude. A pastoral-tragi-comedy. The enchanted lovers. A pastoral. The amorous fantasme. A tragi-comedy. All written by Sir Wil. Lower Knight","","Lower, William, Sir, 1600?-1662.",1661,1661.,"Printed for F. Kirkman at the John Fletchers Head over against the Angel-Inn on the backside of St. Clements without Temple-Bar,","London :Printed for F. Kirkman at the John Fletchers Head over against the Angel-Inn on the backside of St. Clements without Temple-Bar,1661.",London :,"With a portrait of Sir Lower preceeding the collective title page.; Each of the plays has special t.p. with separate pagination and register. The imprint on these special t.p.'s is the same excepting the printer's name reads: ""Fr. Kirkman"".; The enchanted lovers has an extra (cancelland?) title page with the imprint reading: ""Hague: printed by Adrain Vlack. 1658."".; Signatures: pi2 A-D¹²  E4, A-D¹²  E4, A-D¹² .; Reproduction of the original in the Henry E. Huntington Library and Art Gallery.",R223698,"",L3319A,99833983,"","","Three new playes,",Three new playes
A50093,EEBO-TCP Phase 1,A50093.P4.xml,"Three new playes; viz. The [brace] bashful lover, Guardian, Very woman. As they have been often acted at the private-house in Black-Friers, by His late Majesties Servants, with great applause. / Written by Philip Massenger, Gent. Never printed before.","","Massinger, Philip, 1583-1640.; Fletcher, John, 1579-1625,",1655,1655.,"Printed for Humphrey Moseley, and are to be sold at his shop at the sign of the Prince's Arms in St. Pauls Church-yard.,","London, :Printed for Humphrey Moseley, and are to be sold at his shop at the sign of the Prince's Arms in St. Pauls Church-yard.,1655.","London, :","Each play has a separate dated title page and separate pagination; register is continuous.; ""Scholars have found in the versification and 'passionate flow of language' of A very woman traces of Fletcher's hand although the play was licensed as by Massinger alone, 1634""--Pforzheimer catalogue.; Frontis. = ill.; Text of A very woman is continuous despite pagination.; Annotation on Thomason copy: ""June. 14"".; Reproduction of the original in the British Library.",R202151,"",M1050,99862547,"","",Three new playes;,Three new playes
A50799,EEBO-TCP Phase 1,A50799.P4.xml,"Two new playes ... written by Tho. Middleton, Gent.","","Middleton, Thomas, d. 1627.",1657,1657.,"Printed for Humphrey Moseley, and are to be sold at his shop ...,","London :Printed for Humphrey Moseley, and are to be sold at his shop ...,1657.",London :,The second play has special t.p.; Advertisements ([20] p.) at end.; Reproduction of original in Huntington Library.; More dissemblers besides women -- Women beware women.,R16830,"",M1989,12165257,"","","Two new playes. Viz. More dissemblers besides women. Women beware women. Written by Tho. Middleton, Gent.","Two new playes. Viz. More dissemblers besides women. Women beware women. Written by Tho. Middleton, Gent"
A53480,EEBO-TCP Phase 1,A53480.P4.xml,Two new tragedies ... both written by the Right Honourable the Earl of Orrery.,"","Orrery, Roger Boyle, Earl of, 1621-1679.; Orrery, Roger Boyle, Earl of, 1621-1679. Black Prince.; Orrery, Roger Boyle, Earl of, 1621-1679. Tryphon.",1669,1669.,"Printed by T.N. for H. Herringman ...,","London :Printed by T.N. for H. Herringman ...,1669.",London :,"This item also appears as part of ""Four new plays"" (O477) at reel 326:14.; Errata for both plays: p. [2] at end.; (from t.p.) The Black Prince -- Tryphon.",R23007,"",O501,12366587,"","","Two new tragedies: The Black Prince, and Tryphon:","Two new tragedies: The Black Prince, and Tryphon"
A59992,EEBO-TCP Phase 1,A59992.P4.xml,"Six new playes ... the five first were acted at the private house in Black Fryers with great applause, the last was never acted / all written by James Shirley.",Plays. Selections,"Shirley, James, 1596-1666.; Marshall, William, fl. 1617-1650.",1653,1653.,"Printed for Humphrey Robinson ... and Humphrey Moseley ...,","London :Printed for Humphrey Robinson ... and Humphrey Moseley ...,1653.",London :,"Added t.p. in Latin with port. engraved by W. Marshall, dated 1646.; Each play has separate paging and special t.p.; all are dated 1652 except The court secret, 1653.; ""Never printed before""; Appended to The Cardinall is ""A catalogue of the authors poems already printed"".; Reproduction of original in Folger Library.; The brothers, The sisters, The doubtfull heir, The imposture, The Cardinall, The court secret.",R20878,"",S3486,12294493,"","","Six new playes,",Six new playes
A61943,EEBO-TCP Phase 1,A61943.P4.xml,"Fragmenta aurea A collection of all the incomparable peeces, written by Sir John Suckling. And published by a friend to perpetuate his memory. Printed by his owne copies.","","Suckling, John, Sir, 1609-1642.",1646,MDCXLVI. [1646],"printed [by Ruth Raworth and Tho. Walkley] for Humphrey Moseley, and are to be sold at his shop, at the signe of the Princes Armes in St Pauls Churchyard,","London :printed [by Ruth Raworth and Tho. Walkley] for Humphrey Moseley, and are to be sold at his shop, at the signe of the Princes Armes in St Pauls Churchyard,MDCXLVI. [1646]",London :,"In this state the first line of title is printed in upper and lower case letters.; Printer's names from subsidiary title pages.; P.l. = portrait verso A1; general title page recto A2, verso blank; To the reader, recto A3-recto A4, verso blank.; ""Poems, &c.""; ""Letters to divers eminent personages:""; and ""An account of religion by reason."" each have separate dated title pages; register and pagination are continuous.; ""Aglaura. Presented at the private house in Black-Fryers,"" and ""Aglaura. Represented at the court,"" each have separate dated title pages; pagination and register start over with ""Aglaura. Presented at the private house in Black-Fryers,"".; ""The goblins"" and ""Brennoralt."" each have separate dated title pages, pagination and register.; Reproduction of the original in the British Library.",R219681,"",S6126A,99831135,"","",Fragmenta aurea.,Fragmenta aurea
A72473,EEBO-TCP Phase 2,A72473.P4.xml,"The vvorkes of Beniamin Ionson. The second volume. Containing these playes, viz. 1 Bartholomew Fayre. 2 The staple of newes. 3 The Divell is an asse","","Jonson, Ben, 1573?-1637.; Digby, Kenelm, Sir, 1603-1665.",1640,1640 [i.e. 1641],"Printed [by John Beale, James Dawson, Bernard Alsop and Thomas Fawcet] for Richard Meighen [and Thomas Walkley],","London :Printed [by John Beale, James Dawson, Bernard Alsop and Thomas Fawcet] for Richard Meighen [and Thomas Walkley],1640 [i.e. 1641]",London :,"Mostly in verse.; Consists of two volumes, 2 and 3, the former intended as a continuation of the first volume published in 1615. Vol. 2 was edited by the author, vol. 3 by Sir Kenelm Digby.; The three plays comprising volume 2 each have separate title page with imprint "".. printed by I[ohn]. B[eale]. for Robert Allot .. 1631""; ""The staple of nevves"" begins new pagination on 2A1. In another state (STC 14754a) ""The Divell is an asse"" is a reprint dated 1641 and the other two plays are often omitted.; Volume 2 is a reissue of STC 14753.5, with the first sheet run through the press again by Bernard Alsop and Thomas Fawcet to print a general title on blank A1.; Volume 3, printed by James Dawson for Thomas Walkley, lacks a general title page, and the order of the parts varies; the order given here follows Greg. ""Christmas his masque"" begins pagination on B1; within this section, ""Under-woods"" and ""Mortimer his fall"" have separate title pages dated 1640. ""The magnetick lady .. printed M.CD.XL. [sic]"" begins new pagination and register; within this section, ""A tale of a tub. .. printed M.DC.XL."" and ""The sad shepherd .. printed M.DC.XLI."" have separate title pages. ""Horace his Art of poetrie .. M.DC.XL."" begins new pagination and register; within this section, ""The English grammar. .. M.DC.XL."" and ""Timber .. M.DC.XLI."" have separate title pages.; For details of publication history, see ""Studies in Bibliography"" 30:75-95.; Identified as STC 14754b at reel 671:9.; Imperfect: copy at reel 2008:8 has volume 2 only and is misbound.; Reproductions of the originals in the Folger Shakespeare Library, British Library, and Harvard University Library.; Appears at reel 671 (Folger Shakespeare Library copy), at reel 756 (British Library copy), and at reel 2008 (Harvard University Library copy).",S111824,14754,"",99847092,"","",The vvorkes of Benjamin Jonson. The second volume.,The vvorkes of Benjamin Jonson. The second volume
A77565,EEBO-TCP Phase 1,A77565.P4.xml,"Five new playes, (viz.) The madd couple well matcht. Novella. Court begger. City witt. Damoiselle. By Richard Brome.","","Brome, Richard, d. 1652?; Brome, Alexander, 1620-1666.; Cross, Thomas, fl. 1632-1682, engraver.",1653,1653.,"Printed [by T[homas] R[oycroft]] for Humphrey Moseley, Richard Marriot, and Thomas Dring, and are to be sold at their shops,","London :Printed [by T[homas] R[oycroft]] for Humphrey Moseley, Richard Marriot, and Thomas Dring, and are to be sold at their shops,1653.",London :,"Partly in verse.; Editor's dedication signed: A. Brome.; The words ""madd couple .. Damoiselle."" are bracketed together on title page.; The portrait is signed: T. Cross sculpsit.; Printer's name from the Pforzheimer Catalogue. ""The copy was divided between two compositors. One set-up through sheet S; the other, the remainder""--Pforzheimer Catalogue.; Signatures: pi1 A (-A6-8) B-S; A-F G⁴; A⁴ B-F G1-3 (=A6-8).; ""The novella"" and ""The court begger"" each have separate dated title page; register is continuous. ""The city wit"" (Wing B4866) and ""The damoiselle"" (Wing B4868) each have separate register and dated title page with ""printed by T.R."" in imprint. There is no indication that the latter two plays were ever issued separately, though they are sometimes found so (Greg).; Annotation on Thomason copy: ""May 20"".; ""The Novella"" identified on UMI microfilm (Early English Books 1641-17700) reel 1773 as wing B4880.; With 16 final advertisement pages.; Reproductions of the originals in the British Library and the Harvard University Library.; The madd couple well matcht -- The novella -- The court begger -- The city wit -- the damoiselle.",R202038,"",B4870; B4866; B4868,99862462,"","","Five new playes, (viz.) The madd couple well matcht. Novella. Court begger. City witt. Damoiselle. By Richard Brome. ","Five new playes, (viz.) The madd couple well matcht. Novella. Court begger. City witt. Damoiselle. By Richard Brome. "
A84701,EEBO-TCP Phase 1,A84701.P4.xml,"Virtus rediviva a panegyrick on our late King Charles the I. &c. of ever blessed memory. Attended, with severall other pieces from the same pen. Viz. [brace] I. A theatre of wits: being a collection of apothegms. II. Fœnestra in pectore: or a century of familiar letters. III. Loves labyrinth: a tragi-comedy. IV. Fragmenta poetica: or poeticall diversions. Concluding, with a panegyrick on his sacred Majesties most happy return. / By T.F.","","Forde, Thomas.",1661,1661. [i.e. 1660],"Printed by R. & W. Leybourn, for William Grantham, at the sign of the Black Bear in St. Pauls Church-yard neer the little north door; and Thomas Basset, in St. Dunstans Church-yard in Fleet-street.,","[London] :Printed by R. & W. Leybourn, for William Grantham, at the sign of the Black Bear in St. Pauls Church-yard neer the little north door; and Thomas Basset, in St. Dunstans Church-yard in Fleet-street.,1661. [i.e. 1660]",[London] :,"Place of publication from Wing.; ""Virtus rediviva: .. By Tho. Forde"", ""A theatre of wits, ancient and modern"", ""Fœnestra in pectore"", ""Love's labyrinth"", and ""Fragmenta poetica"" each have a separate title page dated 1660, and separate pagination; register is continuous.; Annotation on Thomason copy: ""Octob:""; The imprint date has been altered to 1660.; Reproduction of the original in the British Library.",R200917,"",F1550,99861533,"","",Virtus rediviva,Virtus rediviva
A86610,EEBO-TCP Phase 1,A86610.P4.xml,"Poems, viz. 1. A panegyrick to the king. 2. Songs and sonnets. 3. The blind lady, a comedy. 4. The fourth book of Virgil, 5. Statius his Achilleis, with annotations. 6. A panegyrick to Generall Monck. / By the Honorable Sr Robert Howard.","","Howard, Robert, Sir, 1626-1698.; Virgil.; Statius, P. Papinius (Publius Papinius); Dryden, John, 1631-1700.",1660,1660.,"Printed for Henry Herringman, and are to be sold at his shop at the sign of the Anchor on the lower Walk of the New Exchange.,","London, :Printed for Henry Herringman, and are to be sold at his shop at the sign of the Anchor on the lower Walk of the New Exchange.,1660.","London, :","Printed by William Wilson. Cf. Pforzheimer catalog.; With a commendatory poem signed: John Driden.; ""The blind lady"" has a separate divisional title page; pagination and register are continuous.; Text is continuous despite pagination.; Annotation on Thomason copy: ""June"".; Reproduction of the original in the British Library.",R202055,"",H3003,99862475,"","","Poems, viz. 1. A panegyrick to the king. 2. Songs and sonnets. 3. The blind lady, a comedy. 4. The fourth book of Virgil, 5. Statius his Achilleis, with annotations. 6. A panegyrick to Generall Monck.","Poems, viz. 1. A panegyrick to the king. 2. Songs and sonnets. 3. The blind lady, a comedy. 4. The fourth book of Virgil, 5. Statius his Achilleis, with annotations. 6. A panegyrick to Generall Monck"
K007102.000,ECCO,K007102.000.P4.xml,"Poems and plays. By Oliver Goldsmith, M.B. To which is prefixed, the life of the author:","","Goldsmith, Oliver, 1730?-1774.",1777,1777.,"Printed for Wm. Wilson, Dublin,","[Dublin] :Printed for Wm. Wilson, Dublin,1777.",[Dublin] :,"The titlepage, a cancel, is engraved.; Apparently a reissue of the edition ""printed for Messrs. Price, Sleater, W. Watson, Whitestone, Chamberlaine [and 27 others in Dublin]"".; Reproduction of original from the Harvard University Houghton Library.; English Short Title Catalog, ESTC N11805.; Electronic data. Farmington Hills, Mich. : Thomson Gale, 2003. Page image (PNG). Digitized image of the microfilm version produced in Woodbridge, CT by Research Publications, 1982-2002 (later known as Primary Source Microfilm, an imprint of the Gale Group).",N11805,"","","",CW3309784895,CW109784895,"Poems and plays. By Oliver Goldsmith, M.B. To which is prefixed, the life of the author.","Poems and plays. By Oliver Goldsmith, M.B. To which is prefixed, the life of the author"
K041482.000,ECCO,K041482.000.P4.xml,Plays and poems: by Miss Hannah Brand.,"","Brand, Hannah, d. 1821.",1798,1798.,"printed by Beatniffe and Payne; and sold by Messrs. F. and C. Rivington; and Messrs. Elmsley and Bremner, London,","Norwich :printed by Beatniffe and Payne; and sold by Messrs. F. and C. Rivington; and Messrs. Elmsley and Bremner, London,1798.",Norwich :,"The prospectus, 'Proposals for publishing by subscription one volume in octavo of plays and poems', was earlier issued.; With a list of subscribers.; Reproduction of original from the British Library.; English Short Title Catalog, ESTC T42452.; Electronic data. Farmington Hills, Mich. : Thomson Gale, 2003. Page image (PNG). Digitized image of the microfilm version produced in Woodbridge, CT by Research Publications, 1982-2002 (later known as Primary Source Microfilm, an imprint of the Gale Group).",T42452,"","","",CW3313176700,CW113176700,"Plays,",Plays
K113633.002,ECCO,K113633.002.P4.xml,"The poetical and dramatic works of Oliver Goldsmith, M. B. Now first collected. With an account of the life and writings of the author. In two volumes: [pt.2]","The poetical and dramatic works of Oliver Goldsmith, M. B. Now first collected. With an account of the life and writings of the author. In two volumes:","Goldsmith, Oliver, 1730?-1774.",1780,1780.,"printed by H. Goldney, for Messieurs Rivington, T. Carnan and F. Newbery; T. Lowndes and G. Kearsley; T. Cadell and T. Evans,","London :printed by H. Goldney, for Messieurs Rivington, T. Carnan and F. Newbery; T. Lowndes and G. Kearsley; T. Cadell and T. Evans,1780.",London :,"Reproduction of original from the British Library.; Roscoe, A 196 (1); English Short Title Catalog, ESTC T146132.; Electronic data. Farmington Hills, Mich. : Thomson Gale, 2003. Page image (PNG). Digitized image of the microfilm version produced in Woodbridge, CT by Research Publications, 1982-2002 (later known as Primary Source Microfilm, an imprint of the Gale Group).",T146132,"","","",CW3313863072,CW113862888,"The poetical and dramatic works of Oliver Goldsmith, M. B. Now first collected. With an account of the life and writings of the author. In two volumes.","The poetical and dramatic works of Oliver Goldsmith, M. B. Now first collected. With an account of the life and writings of the author. In two volumes"
